{"V": {"MSFT": 0.9709056297654026, "MA": 0.9635831029597332, "CRM": 0.941396251529038, "ISRG": 0.9404997598081839, "ADBE": 0.9373480929212296, "AMZN": 0.9220724353820309, "INTU": 0.9036869571359176, "NKE": 0.9026912760816282, "QQQ": 0.9008462915863973, "CSX": 0.8997622972989844}, "AAPL": {"QQQ": 0.8667238384904389, "SPY": 0.8444577272943015, "IVW": 0.8135785682590262, "XLK": 0.8042815736490291, "IJR": 0.7997115682779921, "AMZN": 0.7994459898593429, "IWM": 0.7952594759990429, "GOOGL": 0.7902781413608225, "GOOG": 0.7895205277640825, "NVDA": 0.789285102238213}, "GOOGL": {"GOOG": 0.9892697648586823, "QQQ": 0.9179607982418331, "SPY": 0.8963276649583296, "HD": 0.8857848388831608, "IVW": 0.8804168385629678, "AMZN": 0.8606211057869709, "IWF": 0.8360335046521586, "NFLX": 0.8268237840246754, "V": 0.8252933473553336, "IJR": 0.8173494236880684}, "JNJ": {"WBA": 0.7837874003922424, "PEP": 0.7198141134416659, "WMT": 0.7161178764577795, "CVS": 0.6821595664177756, "GLW": 0.6778219852705815, "CI": 0.6661499204770315, "KO": 0.6605026008105624, "SLV": 0.6178674658179609, "D": 0.591720122782816, "USB": 0.5895972502145691}, "AMZN": {"MSFT": 0.9237457504829868, "V": 0.9220811940944538, "QQQ": 0.9161302671756206, "MA": 0.9100407041307362, "ADBE": 0.9099482820364481, "NFLX": 0.9018153480160427, "CRM": 0.8899884874656161, "IVW": 0.8792516159565218, "GOOG": 0.8640476390437944, "GOOGL": 0.8609152544721764}, "XOM": {"MRO": 0.8240843185124316, "APA": 0.8107191281968339, "UPS": 0.7507133957083321, "XLE": 0.7477359109950296, "BP": 0.7454246424791945, "DVN": 0.7329939209675403, "TIF": 0.7300938230046853, "RRC": 0.7147811498821751, "IJH": 0.7098586562008591, "IWF": 0.703473696476775}, "JPM": {"BAC": 0.9161147929527003, "XLF": 0.8736907390614883, "SPY": 0.8581181184223231, "DIA": 0.8326153553980172, "RF": 0.8319030958922188, "QQQ": 0.8248610047648463, "XLI": 0.8126788156696781, "HD": 0.810800125407673, "DFS": 0.8084655585938543, "STI": 0.8022099283302723}, "KO": {"HCN": 0.7582486002972652, "VZ": 0.7453663177941222, "HCP": 0.7444732755871694, "STT": 0.7252281610980509, "EZU": 0.7041301902126321, "EXC": 0.7029995381528186, "VGK": 0.6998986541833371, "AA": 0.6996207684224203, "NEE": 0.6948484570477085, "WYNN": 0.681657617639385}, "SPY": {"IWF": 0.9400416864010053, "IVW": 0.9400346431119582, "QQQ": 0.9369745917513933, "DIA": 0.9291559892422666, "GOOG": 0.9023940961711755, "GOOGL": 0.8966246640256048, "HD": 0.8960295062591265, "IWD": 0.8930095158433172, "IJR": 0.8874589793351069, "XLK": 0.8723989699313016}, "MSFT": {"V": 0.9709614063682733, "MA": 0.9446719533617441, "ADBE": 0.9386838633026442, "CRM": 0.9273227266368265, "AMZN": 0.9237194396588243, "ISRG": 0.910392135472184, "ABT": 0.8944891091884998, "CSX": 0.8933327057622517, "ILMN": 0.8922071263813275, "QQQ": 0.8902272189347209}}